series,project,cpus,variant,scenario,iteration,validation_only,wall_s,cpu_s,user_s,system_s,peak_bytes,binary_bytes,returncode,process_tree_drained,post_exit_wait_s,cold_output_removed,command
baseline,gin,4,native,control-prime,0,True,17.56635421991814,61.977225,56.983864,4.99336,1777467392,97070351,0,True,0.0004676099633798003,False,"[""/var/tmp/dd-ci-testing-poc-20261001/minitracer/go1.27.1/bin/go"", ""test"", ""-p=4"", ""-mod=readonly"", ""-c"", ""-o"", ""/var/tmp/dd-ci-benchmark-20261004.s81k5i3w/build/outputs/gin-cpu4/native/"", ""-ldflags=-w"", ""./...""]"
baseline,gin,4,native,control-link,0,True,1.0463374319951981,2.20016,1.85049,0.34967,363151360,97070351,0,True,0.000345999957062304,False,"[""/var/tmp/dd-ci-testing-poc-20261001/minitracer/go1.27.1/bin/go"", ""test"", ""-p=4"", ""-mod=readonly"", ""-c"", ""-o"", ""/var/tmp/dd-ci-benchmark-20261004.s81k5i3w/build/outputs/gin-cpu4/native/"", ""-ldflags=-w -buildid=control-0"", ""./...""]"
baseline,gin,4,native,control-link,1,True,0.8767840210348368,2.171382,1.83586,0.335523,344510464,97070351,0,True,0.0003499609883874655,False,"[""/var/tmp/dd-ci-testing-poc-20261001/minitracer/go1.27.1/bin/go"", ""test"", ""-p=4"", ""-mod=readonly"", ""-c"", ""-o"", ""/var/tmp/dd-ci-benchmark-20261004.s81k5i3w/build/outputs/gin-cpu4/native/"", ""-ldflags=-w -buildid=control-1"", ""./...""]"
baseline,gin,4,native,control-link,2,True,1.0679426540154964,2.219197,1.873047,0.346149,346603520,97070351,0,True,0.0004264309536665678,False,"[""/var/tmp/dd-ci-testing-poc-20261001/minitracer/go1.27.1/bin/go"", ""test"", ""-p=4"", ""-mod=readonly"", ""-c"", ""-o"", ""/var/tmp/dd-ci-benchmark-20261004.s81k5i3w/build/outputs/gin-cpu4/native/"", ""-ldflags=-w -buildid=control-2"", ""./...""]"
baseline,gin,4,native,control-link,3,True,0.9693198560271412,2.204469,1.844339,0.360129,359608320,97070351,0,True,0.00036436994560062885,False,"[""/var/tmp/dd-ci-testing-poc-20261001/minitracer/go1.27.1/bin/go"", ""test"", ""-p=4"", ""-mod=readonly"", ""-c"", ""-o"", ""/var/tmp/dd-ci-benchmark-20261004.s81k5i3w/build/outputs/gin-cpu4/native/"", ""-ldflags=-w -buildid=control-3"", ""./...""]"
baseline,gin,4,native,control-link,4,True,1.1389211679343134,2.191442,1.824822,0.36662,341057536,97070351,0,True,0.0004097199998795986,False,"[""/var/tmp/dd-ci-testing-poc-20261001/minitracer/go1.27.1/bin/go"", ""test"", ""-p=4"", ""-mod=readonly"", ""-c"", ""-o"", ""/var/tmp/dd-ci-benchmark-20261004.s81k5i3w/build/outputs/gin-cpu4/native/"", ""-ldflags=-w -buildid=control-4"", ""./...""]"
baseline,gin,4,native,control-link,5,True,1.144111275090836,2.20023,1.835689,0.364541,338526208,97070351,0,True,0.00034491997212171555,False,"[""/var/tmp/dd-ci-testing-poc-20261001/minitracer/go1.27.1/bin/go"", ""test"", ""-p=4"", ""-mod=readonly"", ""-c"", ""-o"", ""/var/tmp/dd-ci-benchmark-20261004.s81k5i3w/build/outputs/gin-cpu4/native/"", ""-ldflags=-w -buildid=control-5"", ""./...""]"
baseline,gin,4,native,control-link,6,True,1.4579198829596862,2.202459,1.83729,0.36517,364249088,97070351,0,True,0.00034878007136285305,False,"[""/var/tmp/dd-ci-testing-poc-20261001/minitracer/go1.27.1/bin/go"", ""test"", ""-p=4"", ""-mod=readonly"", ""-c"", ""-o"", ""/var/tmp/dd-ci-benchmark-20261004.s81k5i3w/build/outputs/gin-cpu4/native/"", ""-ldflags=-w -buildid=control-6"", ""./...""]"
baseline,gin,4,native,control-link,7,True,1.4732941800029948,2.180154,1.857212,0.322941,367591424,97070351,0,True,0.0003724300768226385,False,"[""/var/tmp/dd-ci-testing-poc-20261001/minitracer/go1.27.1/bin/go"", ""test"", ""-p=4"", ""-mod=readonly"", ""-c"", ""-o"", ""/var/tmp/dd-ci-benchmark-20261004.s81k5i3w/build/outputs/gin-cpu4/native/"", ""-ldflags=-w -buildid=control-7"", ""./...""]"
baseline,gin,4,native,control-link,8,True,1.0740113179199398,2.201357,1.823847,0.37751,338022400,97070351,0,True,0.0004052500007674098,False,"[""/var/tmp/dd-ci-testing-poc-20261001/minitracer/go1.27.1/bin/go"", ""test"", ""-p=4"", ""-mod=readonly"", ""-c"", ""-o"", ""/var/tmp/dd-ci-benchmark-20261004.s81k5i3w/build/outputs/gin-cpu4/native/"", ""-ldflags=-w -buildid=control-8"", ""./...""]"
baseline,gin,4,native,control-link,9,True,1.4081290459726006,2.19933,1.857054,0.342276,369381376,97070351,0,True,0.0004261310677975416,False,"[""/var/tmp/dd-ci-testing-poc-20261001/minitracer/go1.27.1/bin/go"", ""test"", ""-p=4"", ""-mod=readonly"", ""-c"", ""-o"", ""/var/tmp/dd-ci-benchmark-20261004.s81k5i3w/build/outputs/gin-cpu4/native/"", ""-ldflags=-w -buildid=control-9"", ""./...""]"
baseline,gin,4,native,control-link,10,True,1.4756668069167063,2.225497,1.845971,0.379527,374349824,97070351,0,True,0.00041870994027704,False,"[""/var/tmp/dd-ci-testing-poc-20261001/minitracer/go1.27.1/bin/go"", ""test"", ""-p=4"", ""-mod=readonly"", ""-c"", ""-o"", ""/var/tmp/dd-ci-benchmark-20261004.s81k5i3w/build/outputs/gin-cpu4/native/"", ""-ldflags=-w -buildid=control-10"", ""./...""]"
baseline,gin,4,native,control-link,11,True,0.8922987369587645,2.190625,1.830276,0.360349,347054080,97070351,0,True,0.0004340200684964657,False,"[""/var/tmp/dd-ci-testing-poc-20261001/minitracer/go1.27.1/bin/go"", ""test"", ""-p=4"", ""-mod=readonly"", ""-c"", ""-o"", ""/var/tmp/dd-ci-benchmark-20261004.s81k5i3w/build/outputs/gin-cpu4/native/"", ""-ldflags=-w -buildid=control-11"", ""./...""]"
baseline,gin,4,native,control-link,12,True,0.8392194129992276,2.19491,1.837484,0.357427,364118016,97070351,0,True,0.0004190410254523158,False,"[""/var/tmp/dd-ci-testing-poc-20261001/minitracer/go1.27.1/bin/go"", ""test"", ""-p=4"", ""-mod=readonly"", ""-c"", ""-o"", ""/var/tmp/dd-ci-benchmark-20261004.s81k5i3w/build/outputs/gin-cpu4/native/"", ""-ldflags=-w -buildid=control-12"", ""./...""]"
baseline,gin,4,native,control-link,13,True,1.1545734939863905,2.192611,1.852135,0.340477,367472640,97070351,0,True,0.0003700009547173977,False,"[""/var/tmp/dd-ci-testing-poc-20261001/minitracer/go1.27.1/bin/go"", ""test"", ""-p=4"", ""-mod=readonly"", ""-c"", ""-o"", ""/var/tmp/dd-ci-benchmark-20261004.s81k5i3w/build/outputs/gin-cpu4/native/"", ""-ldflags=-w -buildid=control-13"", ""./...""]"
baseline,gin,4,native,control-link,14,True,1.419565223972313,2.097385,1.73988,0.357505,389398528,97070351,0,True,0.00041491095907986164,False,"[""/var/tmp/dd-ci-testing-poc-20261001/minitracer/go1.27.1/bin/go"", ""test"", ""-p=4"", ""-mod=readonly"", ""-c"", ""-o"", ""/var/tmp/dd-ci-benchmark-20261004.s81k5i3w/build/outputs/gin-cpu4/native/"", ""-ldflags=-w -buildid=control-14"", ""./...""]"
baseline,gin,4,native,control-link,15,True,1.0617299309233204,2.165642,1.810856,0.354786,388898816,97070351,0,True,0.0004168309969827533,False,"[""/var/tmp/dd-ci-testing-poc-20261001/minitracer/go1.27.1/bin/go"", ""test"", ""-p=4"", ""-mod=readonly"", ""-c"", ""-o"", ""/var/tmp/dd-ci-benchmark-20261004.s81k5i3w/build/outputs/gin-cpu4/native/"", ""-ldflags=-w -buildid=control-15"", ""./...""]"
baseline,gin,4,native,control-link,16,True,2.5735020759748295,2.144448,1.796381,0.348066,412442624,97070351,0,True,0.00041743996553122997,False,"[""/var/tmp/dd-ci-testing-poc-20261001/minitracer/go1.27.1/bin/go"", ""test"", ""-p=4"", ""-mod=readonly"", ""-c"", ""-o"", ""/var/tmp/dd-ci-benchmark-20261004.s81k5i3w/build/outputs/gin-cpu4/native/"", ""-ldflags=-w -buildid=control-16"", ""./...""]"
baseline,gin,4,native,control-link,17,True,1.132662886986509,2.19219,1.822941,0.369248,343318528,97070351,0,True,0.00036245991941541433,False,"[""/var/tmp/dd-ci-testing-poc-20261001/minitracer/go1.27.1/bin/go"", ""test"", ""-p=4"", ""-mod=readonly"", ""-c"", ""-o"", ""/var/tmp/dd-ci-benchmark-20261004.s81k5i3w/build/outputs/gin-cpu4/native/"", ""-ldflags=-w -buildid=control-17"", ""./...""]"
baseline,gin,4,native,control-link,18,True,0.984897986985743,2.172209,1.824107,0.348101,363474944,97070351,0,True,0.0003870410146191716,False,"[""/var/tmp/dd-ci-testing-poc-20261001/minitracer/go1.27.1/bin/go"", ""test"", ""-p=4"", ""-mod=readonly"", ""-c"", ""-o"", ""/var/tmp/dd-ci-benchmark-20261004.s81k5i3w/build/outputs/gin-cpu4/native/"", ""-ldflags=-w -buildid=control-18"", ""./...""]"
baseline,gin,4,native,control-link,19,True,0.8435070439008996,2.192672,1.814451,0.378222,348942336,97070351,0,True,0.0004263899754732847,False,"[""/var/tmp/dd-ci-testing-poc-20261001/minitracer/go1.27.1/bin/go"", ""test"", ""-p=4"", ""-mod=readonly"", ""-c"", ""-o"", ""/var/tmp/dd-ci-benchmark-20261004.s81k5i3w/build/outputs/gin-cpu4/native/"", ""-ldflags=-w -buildid=control-19"", ""./...""]"
baseline,gin,4,native,control-link,20,True,1.436381091014482,2.202342,1.836281,0.36606,365015040,97070351,0,True,0.0004193910863250494,False,"[""/var/tmp/dd-ci-testing-poc-20261001/minitracer/go1.27.1/bin/go"", ""test"", ""-p=4"", ""-mod=readonly"", ""-c"", ""-o"", ""/var/tmp/dd-ci-benchmark-20261004.s81k5i3w/build/outputs/gin-cpu4/native/"", ""-ldflags=-w -buildid=control-20"", ""./...""]"
baseline,gin,4,native,control-link,21,True,1.3583399730268866,2.180627,1.850005,0.330623,365469696,97070351,0,True,0.00039775995537638664,False,"[""/var/tmp/dd-ci-testing-poc-20261001/minitracer/go1.27.1/bin/go"", ""test"", ""-p=4"", ""-mod=readonly"", ""-c"", ""-o"", ""/var/tmp/dd-ci-benchmark-20261004.s81k5i3w/build/outputs/gin-cpu4/native/"", ""-ldflags=-w -buildid=control-21"", ""./...""]"
baseline,gin,4,native,control-link,22,True,1.012500600074418,2.196741,1.867184,0.329558,364871680,97070351,0,True,0.00042934995144605637,False,"[""/var/tmp/dd-ci-testing-poc-20261001/minitracer/go1.27.1/bin/go"", ""test"", ""-p=4"", ""-mod=readonly"", ""-c"", ""-o"", ""/var/tmp/dd-ci-benchmark-20261004.s81k5i3w/build/outputs/gin-cpu4/native/"", ""-ldflags=-w -buildid=control-22"", ""./...""]"
baseline,gin,4,native,control-link,23,True,1.1699957329547033,2.173797,1.837563,0.336234,350756864,97070351,0,True,0.0004131200257688761,False,"[""/var/tmp/dd-ci-testing-poc-20261001/minitracer/go1.27.1/bin/go"", ""test"", ""-p=4"", ""-mod=readonly"", ""-c"", ""-o"", ""/var/tmp/dd-ci-benchmark-20261004.s81k5i3w/build/outputs/gin-cpu4/native/"", ""-ldflags=-w -buildid=control-23"", ""./...""]"
baseline,gin,4,native,control-link,24,True,1.2783873459557071,2.168844,1.810883,0.357962,369717248,97070351,0,True,0.0004110999871045351,False,"[""/var/tmp/dd-ci-testing-poc-20261001/minitracer/go1.27.1/bin/go"", ""test"", ""-p=4"", ""-mod=readonly"", ""-c"", ""-o"", ""/var/tmp/dd-ci-benchmark-20261004.s81k5i3w/build/outputs/gin-cpu4/native/"", ""-ldflags=-w -buildid=control-24"", ""./...""]"
baseline,gin,4,native,control-link,25,True,1.2247724700719118,2.184671,1.842871,0.3418,364085248,97070351,0,True,0.0005114409141242504,False,"[""/var/tmp/dd-ci-testing-poc-20261001/minitracer/go1.27.1/bin/go"", ""test"", ""-p=4"", ""-mod=readonly"", ""-c"", ""-o"", ""/var/tmp/dd-ci-benchmark-20261004.s81k5i3w/build/outputs/gin-cpu4/native/"", ""-ldflags=-w -buildid=control-25"", ""./...""]"
baseline,gin,4,native,control-link,26,True,1.405453559011221,2.203196,1.841956,0.361239,366006272,97070351,0,True,0.00041531992610543966,False,"[""/var/tmp/dd-ci-testing-poc-20261001/minitracer/go1.27.1/bin/go"", ""test"", ""-p=4"", ""-mod=readonly"", ""-c"", ""-o"", ""/var/tmp/dd-ci-benchmark-20261004.s81k5i3w/build/outputs/gin-cpu4/native/"", ""-ldflags=-w -buildid=control-26"", ""./...""]"
baseline,gin,4,native,control-link,27,True,1.459698376012966,2.194926,1.825147,0.369779,365031424,97070351,0,True,0.0004197299713268876,False,"[""/var/tmp/dd-ci-testing-poc-20261001/minitracer/go1.27.1/bin/go"", ""test"", ""-p=4"", ""-mod=readonly"", ""-c"", ""-o"", ""/var/tmp/dd-ci-benchmark-20261004.s81k5i3w/build/outputs/gin-cpu4/native/"", ""-ldflags=-w -buildid=control-27"", ""./...""]"
baseline,gin,4,native,control-link,28,True,1.404706450062804,2.198222,1.841483,0.356738,367439872,97070351,0,True,0.0003641099901869893,False,"[""/var/tmp/dd-ci-testing-poc-20261001/minitracer/go1.27.1/bin/go"", ""test"", ""-p=4"", ""-mod=readonly"", ""-c"", ""-o"", ""/var/tmp/dd-ci-benchmark-20261004.s81k5i3w/build/outputs/gin-cpu4/native/"", ""-ldflags=-w -buildid=control-28"", ""./...""]"
baseline,gin,4,native,control-link,29,True,1.0031076170271263,2.181928,1.808584,0.373345,345067520,97070351,0,True,0.00039043009746819735,False,"[""/var/tmp/dd-ci-testing-poc-20261001/minitracer/go1.27.1/bin/go"", ""test"", ""-p=4"", ""-mod=readonly"", ""-c"", ""-o"", ""/var/tmp/dd-ci-benchmark-20261004.s81k5i3w/build/outputs/gin-cpu4/native/"", ""-ldflags=-w -buildid=control-29"", ""./...""]"
baseline,gin,4,native,control-link,30,True,1.0643289010040462,2.197541,1.849535,0.348007,356691968,97070351,0,True,0.0003854399546980858,False,"[""/var/tmp/dd-ci-testing-poc-20261001/minitracer/go1.27.1/bin/go"", ""test"", ""-p=4"", ""-mod=readonly"", ""-c"", ""-o"", ""/var/tmp/dd-ci-benchmark-20261004.s81k5i3w/build/outputs/gin-cpu4/native/"", ""-ldflags=-w -buildid=control-30"", ""./...""]"
baseline,gin,4,native,control-link,31,True,1.3521721189608797,2.20883,1.827763,0.381067,366100480,97070351,0,True,0.0004024800145998597,False,"[""/var/tmp/dd-ci-testing-poc-20261001/minitracer/go1.27.1/bin/go"", ""test"", ""-p=4"", ""-mod=readonly"", ""-c"", ""-o"", ""/var/tmp/dd-ci-benchmark-20261004.s81k5i3w/build/outputs/gin-cpu4/native/"", ""-ldflags=-w -buildid=control-31"", ""./...""]"
baseline,gin,4,native,control-link,32,True,1.372445611981675,2.204861,1.838964,0.365898,349560832,97070351,0,True,0.0004082500236108899,False,"[""/var/tmp/dd-ci-testing-poc-20261001/minitracer/go1.27.1/bin/go"", ""test"", ""-p=4"", ""-mod=readonly"", ""-c"", ""-o"", ""/var/tmp/dd-ci-benchmark-20261004.s81k5i3w/build/outputs/gin-cpu4/native/"", ""-ldflags=-w -buildid=control-32"", ""./...""]"
baseline,gin,4,native,control-link,33,True,1.697181202005595,2.213913,1.856998,0.356915,367980544,97070351,0,True,0.0004055500030517578,False,"[""/var/tmp/dd-ci-testing-poc-20261001/minitracer/go1.27.1/bin/go"", ""test"", ""-p=4"", ""-mod=readonly"", ""-c"", ""-o"", ""/var/tmp/dd-ci-benchmark-20261004.s81k5i3w/build/outputs/gin-cpu4/native/"", ""-ldflags=-w -buildid=control-33"", ""./...""]"
baseline,gin,4,native,control-link,34,True,1.3993591539328918,2.194735,1.818299,0.376436,363892736,97070351,0,True,0.000414571026340127,False,"[""/var/tmp/dd-ci-testing-poc-20261001/minitracer/go1.27.1/bin/go"", ""test"", ""-p=4"", ""-mod=readonly"", ""-c"", ""-o"", ""/var/tmp/dd-ci-benchmark-20261004.s81k5i3w/build/outputs/gin-cpu4/native/"", ""-ldflags=-w -buildid=control-34"", ""./...""]"
baseline,gin,4,native,control-link,35,True,2.107262112083845,2.204064,1.83299,0.371074,356151296,97070351,0,True,0.0004225899465382099,False,"[""/var/tmp/dd-ci-testing-poc-20261001/minitracer/go1.27.1/bin/go"", ""test"", ""-p=4"", ""-mod=readonly"", ""-c"", ""-o"", ""/var/tmp/dd-ci-benchmark-20261004.s81k5i3w/build/outputs/gin-cpu4/native/"", ""-ldflags=-w -buildid=control-35"", ""./...""]"
baseline,gin,4,native,control-link,36,True,1.3007411259459332,2.151089,1.789793,0.361296,437624832,97070351,0,True,0.0004216800443828106,False,"[""/var/tmp/dd-ci-testing-poc-20261001/minitracer/go1.27.1/bin/go"", ""test"", ""-p=4"", ""-mod=readonly"", ""-c"", ""-o"", ""/var/tmp/dd-ci-benchmark-20261004.s81k5i3w/build/outputs/gin-cpu4/native/"", ""-ldflags=-w -buildid=control-36"", ""./...""]"
baseline,gin,4,native,control-link,37,True,1.0627446270082146,2.200445,1.828642,0.371803,342843392,97070351,0,True,0.000367861008271575,False,"[""/var/tmp/dd-ci-testing-poc-20261001/minitracer/go1.27.1/bin/go"", ""test"", ""-p=4"", ""-mod=readonly"", ""-c"", ""-o"", ""/var/tmp/dd-ci-benchmark-20261004.s81k5i3w/build/outputs/gin-cpu4/native/"", ""-ldflags=-w -buildid=control-37"", ""./...""]"
baseline,gin,4,native,control-link,38,True,1.3617077899398282,2.209465,1.830485,0.37898,346415104,97070351,0,True,0.0003645300166681409,False,"[""/var/tmp/dd-ci-testing-poc-20261001/minitracer/go1.27.1/bin/go"", ""test"", ""-p=4"", ""-mod=readonly"", ""-c"", ""-o"", ""/var/tmp/dd-ci-benchmark-20261004.s81k5i3w/build/outputs/gin-cpu4/native/"", ""-ldflags=-w -buildid=control-38"", ""./...""]"
baseline,gin,4,native,control-link,39,True,0.9638031759532169,2.163889,1.802529,0.36136,343404544,97070351,0,True,0.00037679995875805616,False,"[""/var/tmp/dd-ci-testing-poc-20261001/minitracer/go1.27.1/bin/go"", ""test"", ""-p=4"", ""-mod=readonly"", ""-c"", ""-o"", ""/var/tmp/dd-ci-benchmark-20261004.s81k5i3w/build/outputs/gin-cpu4/native/"", ""-ldflags=-w -buildid=control-39"", ""./...""]"
baseline,gin,4,native,control-link,40,True,1.1006358599988744,2.222602,1.859392,0.36321,360767488,97070351,0,True,0.00041587103623896837,False,"[""/var/tmp/dd-ci-testing-poc-20261001/minitracer/go1.27.1/bin/go"", ""test"", ""-p=4"", ""-mod=readonly"", ""-c"", ""-o"", ""/var/tmp/dd-ci-benchmark-20261004.s81k5i3w/build/outputs/gin-cpu4/native/"", ""-ldflags=-w -buildid=control-40"", ""./...""]"
baseline,gin,4,native,control-link,41,True,1.2873313759919256,2.18509,1.817796,0.367293,365875200,97070351,0,True,0.0004167710430920124,False,"[""/var/tmp/dd-ci-testing-poc-20261001/minitracer/go1.27.1/bin/go"", ""test"", ""-p=4"", ""-mod=readonly"", ""-c"", ""-o"", ""/var/tmp/dd-ci-benchmark-20261004.s81k5i3w/build/outputs/gin-cpu4/native/"", ""-ldflags=-w -buildid=control-41"", ""./...""]"
baseline,gin,4,native,control-link,42,True,1.1537571970839053,2.211395,1.857717,0.353677,353865728,97070351,0,True,0.00042064092122018337,False,"[""/var/tmp/dd-ci-testing-poc-20261001/minitracer/go1.27.1/bin/go"", ""test"", ""-p=4"", ""-mod=readonly"", ""-c"", ""-o"", ""/var/tmp/dd-ci-benchmark-20261004.s81k5i3w/build/outputs/gin-cpu4/native/"", ""-ldflags=-w -buildid=control-42"", ""./...""]"
baseline,gin,4,native,control-link,43,True,1.4051158630754799,2.201476,1.831854,0.369621,365178880,97070351,0,True,0.0004128309665247798,False,"[""/var/tmp/dd-ci-testing-poc-20261001/minitracer/go1.27.1/bin/go"", ""test"", ""-p=4"", ""-mod=readonly"", ""-c"", ""-o"", ""/var/tmp/dd-ci-benchmark-20261004.s81k5i3w/build/outputs/gin-cpu4/native/"", ""-ldflags=-w -buildid=control-43"", ""./...""]"
baseline,gin,4,native,control-link,44,True,0.7824083110317588,2.179835,1.837125,0.34271,328388608,97070351,0,True,0.0004203199641779065,False,"[""/var/tmp/dd-ci-testing-poc-20261001/minitracer/go1.27.1/bin/go"", ""test"", ""-p=4"", ""-mod=readonly"", ""-c"", ""-o"", ""/var/tmp/dd-ci-benchmark-20261004.s81k5i3w/build/outputs/gin-cpu4/native/"", ""-ldflags=-w -buildid=control-44"", ""./...""]"
baseline,gin,4,native,control-link,45,True,1.076566269970499,2.19084,1.831108,0.359732,342614016,97070351,0,True,0.00042988103814423084,False,"[""/var/tmp/dd-ci-testing-poc-20261001/minitracer/go1.27.1/bin/go"", ""test"", ""-p=4"", ""-mod=readonly"", ""-c"", ""-o"", ""/var/tmp/dd-ci-benchmark-20261004.s81k5i3w/build/outputs/gin-cpu4/native/"", ""-ldflags=-w -buildid=control-45"", ""./...""]"
baseline,gin,4,native,control-link,46,True,1.3442753419512883,2.198776,1.834778,0.363997,344436736,97070351,0,True,0.00038870994467288256,False,"[""/var/tmp/dd-ci-testing-poc-20261001/minitracer/go1.27.1/bin/go"", ""test"", ""-p=4"", ""-mod=readonly"", ""-c"", ""-o"", ""/var/tmp/dd-ci-benchmark-20261004.s81k5i3w/build/outputs/gin-cpu4/native/"", ""-ldflags=-w -buildid=control-46"", ""./...""]"
baseline,gin,4,native,control-link,47,True,1.3338861719239503,2.200857,1.854982,0.345874,333348864,97070351,0,True,0.000407429994083941,False,"[""/var/tmp/dd-ci-testing-poc-20261001/minitracer/go1.27.1/bin/go"", ""test"", ""-p=4"", ""-mod=readonly"", ""-c"", ""-o"", ""/var/tmp/dd-ci-benchmark-20261004.s81k5i3w/build/outputs/gin-cpu4/native/"", ""-ldflags=-w -buildid=control-47"", ""./...""]"
baseline,gin,4,native,control-link,48,True,1.384924817015417,2.185949,1.8395,0.346449,353136640,97070351,0,True,0.00042195094283670187,False,"[""/var/tmp/dd-ci-testing-poc-20261001/minitracer/go1.27.1/bin/go"", ""test"", ""-p=4"", ""-mod=readonly"", ""-c"", ""-o"", ""/var/tmp/dd-ci-benchmark-20261004.s81k5i3w/build/outputs/gin-cpu4/native/"", ""-ldflags=-w -buildid=control-48"", ""./...""]"
baseline,gin,4,native,control-link,49,True,1.576183420023881,2.156029,1.805758,0.350271,408231936,97070351,0,True,0.0003588809631764889,False,"[""/var/tmp/dd-ci-testing-poc-20261001/minitracer/go1.27.1/bin/go"", ""test"", ""-p=4"", ""-mod=readonly"", ""-c"", ""-o"", ""/var/tmp/dd-ci-benchmark-20261004.s81k5i3w/build/outputs/gin-cpu4/native/"", ""-ldflags=-w -buildid=control-49"", ""./...""]"
baseline,gin,4,native,control-link,50,True,2.131936597987078,2.172031,1.832378,0.339653,359145472,97070351,0,True,0.00037290994077920914,False,"[""/var/tmp/dd-ci-testing-poc-20261001/minitracer/go1.27.1/bin/go"", ""test"", ""-p=4"", ""-mod=readonly"", ""-c"", ""-o"", ""/var/tmp/dd-ci-benchmark-20261004.s81k5i3w/build/outputs/gin-cpu4/native/"", ""-ldflags=-w -buildid=control-50"", ""./...""]"
baseline,gin,4,native,control-link,51,True,1.1294452920556068,2.194901,1.79695,0.397952,362754048,97070351,0,True,0.00042267993558198214,False,"[""/var/tmp/dd-ci-testing-poc-20261001/minitracer/go1.27.1/bin/go"", ""test"", ""-p=4"", ""-mod=readonly"", ""-c"", ""-o"", ""/var/tmp/dd-ci-benchmark-20261004.s81k5i3w/build/outputs/gin-cpu4/native/"", ""-ldflags=-w -buildid=control-51"", ""./...""]"
baseline,gin,4,native,control-link,52,True,1.042862731963396,2.20569,1.843782,0.361908,342380544,97070351,0,True,0.00033840001560747623,False,"[""/var/tmp/dd-ci-testing-poc-20261001/minitracer/go1.27.1/bin/go"", ""test"", ""-p=4"", ""-mod=readonly"", ""-c"", ""-o"", ""/var/tmp/dd-ci-benchmark-20261004.s81k5i3w/build/outputs/gin-cpu4/native/"", ""-ldflags=-w -buildid=control-52"", ""./...""]"
baseline,gin,4,native,control-link,53,True,0.8436122720595449,2.195193,1.834225,0.360969,362393600,97070351,0,True,0.0004288499476388097,False,"[""/var/tmp/dd-ci-testing-poc-20261001/minitracer/go1.27.1/bin/go"", ""test"", ""-p=4"", ""-mod=readonly"", ""-c"", ""-o"", ""/var/tmp/dd-ci-benchmark-20261004.s81k5i3w/build/outputs/gin-cpu4/native/"", ""-ldflags=-w -buildid=control-53"", ""./...""]"
baseline,gin,4,native,control-link,54,True,1.1670863350154832,2.187735,1.834321,0.353414,347844608,97070351,0,True,0.0004094999749213457,False,"[""/var/tmp/dd-ci-testing-poc-20261001/minitracer/go1.27.1/bin/go"", ""test"", ""-p=4"", ""-mod=readonly"", ""-c"", ""-o"", ""/var/tmp/dd-ci-benchmark-20261004.s81k5i3w/build/outputs/gin-cpu4/native/"", ""-ldflags=-w -buildid=control-54"", ""./...""]"
baseline,gin,4,native,control-link,55,True,1.2639385780785233,2.2045,1.834598,0.369901,342388736,97070351,0,True,0.00041142001282423735,False,"[""/var/tmp/dd-ci-testing-poc-20261001/minitracer/go1.27.1/bin/go"", ""test"", ""-p=4"", ""-mod=readonly"", ""-c"", ""-o"", ""/var/tmp/dd-ci-benchmark-20261004.s81k5i3w/build/outputs/gin-cpu4/native/"", ""-ldflags=-w -buildid=control-55"", ""./...""]"
baseline,gin,4,native,control-link,56,True,1.419233793974854,2.183934,1.844446,0.339489,363110400,97070351,0,True,0.0004233099753037095,False,"[""/var/tmp/dd-ci-testing-poc-20261001/minitracer/go1.27.1/bin/go"", ""test"", ""-p=4"", ""-mod=readonly"", ""-c"", ""-o"", ""/var/tmp/dd-ci-benchmark-20261004.s81k5i3w/build/outputs/gin-cpu4/native/"", ""-ldflags=-w -buildid=control-56"", ""./...""]"
baseline,gin,4,native,control-link,57,True,0.8683853710535914,2.20795,1.838989,0.368962,345972736,97070351,0,True,0.00040680996607989073,False,"[""/var/tmp/dd-ci-testing-poc-20261001/minitracer/go1.27.1/bin/go"", ""test"", ""-p=4"", ""-mod=readonly"", ""-c"", ""-o"", ""/var/tmp/dd-ci-benchmark-20261004.s81k5i3w/build/outputs/gin-cpu4/native/"", ""-ldflags=-w -buildid=control-57"", ""./...""]"
baseline,gin,4,native,control-link,58,True,1.7583006670465693,2.183296,1.813637,0.36966,351068160,97070351,0,True,0.0004357009893283248,False,"[""/var/tmp/dd-ci-testing-poc-20261001/minitracer/go1.27.1/bin/go"", ""test"", ""-p=4"", ""-mod=readonly"", ""-c"", ""-o"", ""/var/tmp/dd-ci-benchmark-20261004.s81k5i3w/build/outputs/gin-cpu4/native/"", ""-ldflags=-w -buildid=control-58"", ""./...""]"
baseline,gin,4,native,control-link,59,True,1.4498890009708703,2.161509,1.825337,0.336173,399470592,97070351,0,True,0.0004091999726369977,False,"[""/var/tmp/dd-ci-testing-poc-20261001/minitracer/go1.27.1/bin/go"", ""test"", ""-p=4"", ""-mod=readonly"", ""-c"", ""-o"", ""/var/tmp/dd-ci-benchmark-20261004.s81k5i3w/build/outputs/gin-cpu4/native/"", ""-ldflags=-w -buildid=control-59"", ""./...""]"
baseline,gin,4,native,control-link,60,True,0.9668812190648168,2.215089,1.873662,0.341428,344809472,97070351,0,True,0.0003794500371441245,False,"[""/var/tmp/dd-ci-testing-poc-20261001/minitracer/go1.27.1/bin/go"", ""test"", ""-p=4"", ""-mod=readonly"", ""-c"", ""-o"", ""/var/tmp/dd-ci-benchmark-20261004.s81k5i3w/build/outputs/gin-cpu4/native/"", ""-ldflags=-w -buildid=control-60"", ""./...""]"
baseline,gin,4,native,control-link,61,True,1.1846505909925327,2.206995,1.864176,0.342819,372523008,97070351,0,True,0.0003677599597722292,False,"[""/var/tmp/dd-ci-testing-poc-20261001/minitracer/go1.27.1/bin/go"", ""test"", ""-p=4"", ""-mod=readonly"", ""-c"", ""-o"", ""/var/tmp/dd-ci-benchmark-20261004.s81k5i3w/build/outputs/gin-cpu4/native/"", ""-ldflags=-w -buildid=control-61"", ""./...""]"
baseline,gin,4,native,control-link,62,True,0.9935859281104058,2.208295,1.853321,0.354974,346628096,97070351,0,True,0.00041986105497926474,False,"[""/var/tmp/dd-ci-testing-poc-20261001/minitracer/go1.27.1/bin/go"", ""test"", ""-p=4"", ""-mod=readonly"", ""-c"", ""-o"", ""/var/tmp/dd-ci-benchmark-20261004.s81k5i3w/build/outputs/gin-cpu4/native/"", ""-ldflags=-w -buildid=control-62"", ""./...""]"
baseline,gin,4,native,control-link,63,True,0.8915087609784678,2.168758,1.8079,0.360858,362184704,97070351,0,True,0.0003856099210679531,False,"[""/var/tmp/dd-ci-testing-poc-20261001/minitracer/go1.27.1/bin/go"", ""test"", ""-p=4"", ""-mod=readonly"", ""-c"", ""-o"", ""/var/tmp/dd-ci-benchmark-20261004.s81k5i3w/build/outputs/gin-cpu4/native/"", ""-ldflags=-w -buildid=control-63"", ""./...""]"
baseline,gin,4,native,control-link,64,True,1.0256446439307183,2.194853,1.818746,0.376107,343134208,97070351,0,True,0.00043282005935907364,False,"[""/var/tmp/dd-ci-testing-poc-20261001/minitracer/go1.27.1/bin/go"", ""test"", ""-p=4"", ""-mod=readonly"", ""-c"", ""-o"", ""/var/tmp/dd-ci-benchmark-20261004.s81k5i3w/build/outputs/gin-cpu4/native/"", ""-ldflags=-w -buildid=control-64"", ""./...""]"
baseline,gin,4,native,control-link,65,True,1.103445857996121,2.224793,1.846947,0.377846,352366592,97070351,0,True,0.0004231799393892288,False,"[""/var/tmp/dd-ci-testing-poc-20261001/minitracer/go1.27.1/bin/go"", ""test"", ""-p=4"", ""-mod=readonly"", ""-c"", ""-o"", ""/var/tmp/dd-ci-benchmark-20261004.s81k5i3w/build/outputs/gin-cpu4/native/"", ""-ldflags=-w -buildid=control-65"", ""./...""]"
baseline,gin,4,native,control-link,66,True,0.8999205820728093,2.172067,1.835352,0.336716,343150592,97070351,0,True,0.00041902996599674225,False,"[""/var/tmp/dd-ci-testing-poc-20261001/minitracer/go1.27.1/bin/go"", ""test"", ""-p=4"", ""-mod=readonly"", ""-c"", ""-o"", ""/var/tmp/dd-ci-benchmark-20261004.s81k5i3w/build/outputs/gin-cpu4/native/"", ""-ldflags=-w -buildid=control-66"", ""./...""]"
baseline,gin,4,native,control-link,67,True,1.044076174031943,2.192616,1.833026,0.359589,347758592,97070351,0,True,0.0004166410071775317,False,"[""/var/tmp/dd-ci-testing-poc-20261001/minitracer/go1.27.1/bin/go"", ""test"", ""-p=4"", ""-mod=readonly"", ""-c"", ""-o"", ""/var/tmp/dd-ci-benchmark-20261004.s81k5i3w/build/outputs/gin-cpu4/native/"", ""-ldflags=-w -buildid=control-67"", ""./...""]"
baseline,gin,4,native,control-link,68,True,1.0392414319794625,2.198496,1.825621,0.372876,356978688,97070351,0,True,0.0003744000568985939,False,"[""/var/tmp/dd-ci-testing-poc-20261001/minitracer/go1.27.1/bin/go"", ""test"", ""-p=4"", ""-mod=readonly"", ""-c"", ""-o"", ""/var/tmp/dd-ci-benchmark-20261004.s81k5i3w/build/outputs/gin-cpu4/native/"", ""-ldflags=-w -buildid=control-68"", ""./...""]"
baseline,gin,4,native,control-link,69,True,1.0117082829819992,2.17533,1.830067,0.345264,352546816,97070351,0,True,0.00041427090764045715,False,"[""/var/tmp/dd-ci-testing-poc-20261001/minitracer/go1.27.1/bin/go"", ""test"", ""-p=4"", ""-mod=readonly"", ""-c"", ""-o"", ""/var/tmp/dd-ci-benchmark-20261004.s81k5i3w/build/outputs/gin-cpu4/native/"", ""-ldflags=-w -buildid=control-69"", ""./...""]"
baseline,gin,4,native,control-link,70,True,1.1705945439171046,2.204347,1.825166,0.379181,352739328,97070351,0,True,0.00040815991815179586,False,"[""/var/tmp/dd-ci-testing-poc-20261001/minitracer/go1.27.1/bin/go"", ""test"", ""-p=4"", ""-mod=readonly"", ""-c"", ""-o"", ""/var/tmp/dd-ci-benchmark-20261004.s81k5i3w/build/outputs/gin-cpu4/native/"", ""-ldflags=-w -buildid=control-70"", ""./...""]"
baseline,gin,4,native,control-link,71,True,1.4621641869889572,2.204779,1.836813,0.367965,379338752,97070351,0,True,0.0004195410292595625,False,"[""/var/tmp/dd-ci-testing-poc-20261001/minitracer/go1.27.1/bin/go"", ""test"", ""-p=4"", ""-mod=readonly"", ""-c"", ""-o"", ""/var/tmp/dd-ci-benchmark-20261004.s81k5i3w/build/outputs/gin-cpu4/native/"", ""-ldflags=-w -buildid=control-71"", ""./...""]"
baseline,gin,4,native,control-link,72,True,1.1038188049569726,2.215485,1.867396,0.348089,344518656,97070351,0,True,0.00042721990030258894,False,"[""/var/tmp/dd-ci-testing-poc-20261001/minitracer/go1.27.1/bin/go"", ""test"", ""-p=4"", ""-mod=readonly"", ""-c"", ""-o"", ""/var/tmp/dd-ci-benchmark-20261004.s81k5i3w/build/outputs/gin-cpu4/native/"", ""-ldflags=-w -buildid=control-72"", ""./...""]"
baseline,gin,4,native,control-link,73,True,1.6873606209410354,2.223617,1.889773,0.333844,433721344,97070351,0,True,0.0003909800434485078,False,"[""/var/tmp/dd-ci-testing-poc-20261001/minitracer/go1.27.1/bin/go"", ""test"", ""-p=4"", ""-mod=readonly"", ""-c"", ""-o"", ""/var/tmp/dd-ci-benchmark-20261004.s81k5i3w/build/outputs/gin-cpu4/native/"", ""-ldflags=-w -buildid=control-73"", ""./...""]"
baseline,gin,4,native,control-link,74,True,1.456819887040183,2.185624,1.82461,0.361015,362217472,97070351,0,True,0.0004278300330042839,False,"[""/var/tmp/dd-ci-testing-poc-20261001/minitracer/go1.27.1/bin/go"", ""test"", ""-p=4"", ""-mod=readonly"", ""-c"", ""-o"", ""/var/tmp/dd-ci-benchmark-20261004.s81k5i3w/build/outputs/gin-cpu4/native/"", ""-ldflags=-w -buildid=control-74"", ""./...""]"
baseline,gin,4,native,control-link,75,True,0.801630032947287,2.226744,1.846078,0.380666,340713472,97070351,0,True,0.0004036109894514084,False,"[""/var/tmp/dd-ci-testing-poc-20261001/minitracer/go1.27.1/bin/go"", ""test"", ""-p=4"", ""-mod=readonly"", ""-c"", ""-o"", ""/var/tmp/dd-ci-benchmark-20261004.s81k5i3w/build/outputs/gin-cpu4/native/"", ""-ldflags=-w -buildid=control-75"", ""./...""]"
baseline,gin,4,native,control-link,76,True,0.8571451030438766,2.204166,1.847789,0.356378,354136064,97070351,0,True,0.00043598993215709925,False,"[""/var/tmp/dd-ci-testing-poc-20261001/minitracer/go1.27.1/bin/go"", ""test"", ""-p=4"", ""-mod=readonly"", ""-c"", ""-o"", ""/var/tmp/dd-ci-benchmark-20261004.s81k5i3w/build/outputs/gin-cpu4/native/"", ""-ldflags=-w -buildid=control-76"", ""./...""]"
baseline,gin,4,native,control-link,77,True,0.8592212150106207,2.227262,1.857525,0.369738,357085184,97070351,0,True,0.0003967409720644355,False,"[""/var/tmp/dd-ci-testing-poc-20261001/minitracer/go1.27.1/bin/go"", ""test"", ""-p=4"", ""-mod=readonly"", ""-c"", ""-o"", ""/var/tmp/dd-ci-benchmark-20261004.s81k5i3w/build/outputs/gin-cpu4/native/"", ""-ldflags=-w -buildid=control-77"", ""./...""]"
baseline,gin,4,native,control-link,78,True,1.692061293986626,2.1885,1.843696,0.344803,361607168,97070351,0,True,0.00036279100459069014,False,"[""/var/tmp/dd-ci-testing-poc-20261001/minitracer/go1.27.1/bin/go"", ""test"", ""-p=4"", ""-mod=readonly"", ""-c"", ""-o"", ""/var/tmp/dd-ci-benchmark-20261004.s81k5i3w/build/outputs/gin-cpu4/native/"", ""-ldflags=-w -buildid=control-78"", ""./...""]"
baseline,gin,4,native,control-link,79,True,1.0595132920425385,2.208058,1.842894,0.365164,342773760,97070351,0,True,0.0004177109804004431,False,"[""/var/tmp/dd-ci-testing-poc-20261001/minitracer/go1.27.1/bin/go"", ""test"", ""-p=4"", ""-mod=readonly"", ""-c"", ""-o"", ""/var/tmp/dd-ci-benchmark-20261004.s81k5i3w/build/outputs/gin-cpu4/native/"", ""-ldflags=-w -buildid=control-79"", ""./...""]"
